Event,LogMean,LogSD,Max Counts/Hour
Charllotesville,13.302756,1.227869,441
SanBernadino,13.223274,1.620928,26
Las Vegas Shooting,13.413863,1.562747,291
Orlando,13.207259,1.427133,940
Sandy,12.831961,1.568639,235
Newtown,13.775115,1.172709,126
Oak Creek,12.593936,1.474907,18
Navy Yard,12.459116,1.874687,63
lincoln,NA,NA,2
Charleston,13.503716,1.416494,119
Baltimore,13.141684,1.529837,528
Dallas,13.571004,1.694312,1006